change_id,vendor_id,field_changed,old_value,new_value,changed_at,changed_by
1,V0001,bank_account,111122223333,444455556666,2026-09-10 10:30:00,E0002
2,V0483,gstin,OLD_LLCA3UGS,NEW_2BTWI07O,2026-09-16 00:00:00,E0020
3,V0711,gstin,OLD_9H6BBHBO,NEW_YM1RAV3X,2026-06-11 00:00:00,E0008
4,V0252,gstin,OLD_FKGGKDXL,NEW_ED5FSMUU,2024-12-29 00:00:00,E0020
5,V1264,gstin,OLD_0D87WV2E,NEW_9ST2C5D7,2026-08-29 00:00:00,E0015
6,V1425,gstin,OLD_U0RL08DU,NEW_86KKSGKD,2025-06-25 00:00:00,E0008
7,V0251,bank_account,OLD_KHRABVOW,NEW_825IBDXK,2026-05-25 00:00:00,E0010
8,V0109,bank_account,OLD_HK3RAZDK,NEW_N5Z1LYHB,2025-09-29 00:00:00,E0008
9,V0858,bank_account,OLD_OC8UMFXH,NEW_P9VGOZ7J,2025-06-04 00:00:00,E0009
10,V0607,address,OLD_8EIXXGR8,NEW_09J8OF7H,2025-01-14 00:00:00,E0004
11,V1285,email,OLD_2ZXGZJSB,NEW_PO1871UO,2024-11-22 00:00:00,E0011
12,V0628,address,OLD_07UWWJU0,NEW_C9K71IRT,2025-06-28 00:00:00,E0023
13,V1117,bank_account,OLD_C5XLJTF5,NEW_RBP85QEH,2026-01-30 00:00:00,E0014
14,V1259,bank_account,OLD_6SSB3AF7,NEW_YYK778SS,2025-10-06 00:00:00,E0005
15,V0402,bank_account,OLD_MTBD3SJW,NEW_11TT5XS7,2025-03-03 00:00:00,E0017
16,V0963,address,OLD_KPJYZRGB,NEW_QS6G8Z0U,2024-02-16 00:00:00,E0001
17,V1185,gstin,OLD_T8SYUIQQ,NEW_6WA62MCZ,2025-07-02 00:00:00,E0025
18,V1462,email,OLD_TL8SB85K,NEW_MTPSBYMR,2025-06-06 00:00:00,E0016
19,V1106,address,OLD_U9N1A085,NEW_7TK01TXL,2024-02-15 00:00:00,E0008
20,V0347,bank_account,OLD_M55U959Q,NEW_AYZ0RUB0,2024-04-19 00:00:00,E0025
21,V0502,phone,OLD_P8JAHOV9,NEW_9C00UH6O,2024-03-27 00:00:00,E0012
22,V0531,email,OLD_JFJ7FWS1,NEW_9PLILM8Q,2026-09-12 00:00:00,E0021
23,V1244,gstin,OLD_1DQMQT46,NEW_6NIE16DV,2024-05-05 00:00:00,E0021
24,V0324,phone,OLD_L36W7TVB,NEW_Q2N9CWYD,2024-10-01 00:00:00,E0023
25,V0444,address,OLD_NW49AFG5,NEW_D5A915KX,2025-06-06 00:00:00,E0025
26,V0860,phone,OLD_DCHM314M,NEW_SJDM249K,2024-09-04 00:00:00,E0021
27,V0705,address,OLD_6TXRRC33,NEW_I5JQTIC1,2025-08-10 00:00:00,E0018
28,V0902,address,OLD_5NCXKLQB,NEW_R685RDC9,2026-05-26 00:00:00,E0015
29,V0445,gstin,OLD_U4DXS16X,NEW_QV0IPNJM,2026-01-11 00:00:00,E0014
30,V0123,gstin,OLD_PY4JELLD,NEW_3XYYLMWI,2026-06-01 00:00:00,E0021
31,V1126,address,OLD_6YVP3OJ5,NEW_T5TKJHQ4,2024-06-09 00:00:00,E0016
32,V0171,phone,OLD_UZ9RJ8M0,NEW_Z5GS9K00,2025-07-28 00:00:00,E0017
33,V1400,phone,OLD_7U71M6AR,NEW_EPRAM9NN,2024-08-18 00:00:00,E0008
34,V1262,email,OLD_DMIKBQVY,NEW_DWPCL031,2026-06-15 00:00:00,E0009
35,V0551,phone,OLD_VMSEZJR2,NEW_HVW2LQHU,2024-12-28 00:00:00,E0017
36,V1428,email,OLD_FQKQ9KNQ,NEW_WI4W8WYM,2025-04-09 00:00:00,E0012
37,V1096,bank_account,OLD_UIO3T6Z2,NEW_WA5SUHN1,2026-06-21 00:00:00,E0006
38,V0475,email,OLD_S667A0EF,NEW_WJJO22L0,2026-03-02 00:00:00,E0011
39,V0228,bank_account,OLD_WXMLH0RD,NEW_V4YYJ1FS,2025-04-27 00:00:00,E0013
40,V0544,email,OLD_JOFPC6XE,NEW_0WBT5VCP,2024-06-07 00:00:00,E0024
41,V1451,email,OLD_377K8NOR,NEW_87YTAPAN,2024-05-07 00:00:00,E0023
42,V0944,address,OLD_GVFIU0IF,NEW_409480GP,2026-06-04 00:00:00,E0014
43,V1101,gstin,OLD_AA5KXSKN,NEW_NVV26HEY,2024-06-21 00:00:00,E0019
44,V0584,gstin,OLD_J7FUGMPL,NEW_ISACLSLY,2024-07-05 00:00:00,E0012
45,V0919,bank_account,OLD_251CKZ8M,NEW_KP807SZG,2024-06-21 00:00:00,E0017
46,V0846,bank_account,OLD_BNHCFR3P,NEW_QPO31BGO,2025-01-23 00:00:00,E0018
47,V0127,gstin,OLD_JNRU2BJ4,NEW_ROFEQ8WO,2025-10-17 00:00:00,E0009
48,V0770,gstin,OLD_UU5XUCU7,NEW_TAQDWXFE,2024-12-23 00:00:00,E0005
49,V0811,address,OLD_TTF6IRD9,NEW_XZXOCRP6,2025-01-31 00:00:00,E0017
50,V0011,phone,OLD_I28U81Q0,NEW_TCJAO5UA,2025-02-08 00:00:00,E0017
51,V1158,address,OLD_89LGZPJC,NEW_57Q2VCB9,2026-04-24 00:00:00,E0016
52,V1244,gstin,OLD_KWQ797TC,NEW_SBZ2VOH2,2025-10-04 00:00:00,E0025
53,V1154,address,OLD_ZHX384S4,NEW_MXO5D24N,2025-03-16 00:00:00,E0009
54,V0385,phone,OLD_H0HX6Z8W,NEW_7NBV72IQ,2024-05-08 00:00:00,E0022
55,V0904,address,OLD_KZDJKSPT,NEW_0YMBOBNU,2024-10-02 00:00:00,E0003
56,V0276,phone,OLD_BYDTTUJZ,NEW_3QUFS4AD,2025-10-17 00:00:00,E0015
57,V0838,email,OLD_OGUO6PYP,NEW_73A14X78,2026-05-13 00:00:00,E0025
58,V1018,address,OLD_Q3P9UDSW,NEW_PBHWS222,2025-06-27 00:00:00,E0025
59,V0193,address,OLD_8TT81F9Q,NEW_XZVPYH0K,2026-05-20 00:00:00,E0003
60,V1086,phone,OLD_8JRJL5QC,NEW_WSMMHVJH,2024-07-19 00:00:00,E0021
61,V0131,address,OLD_ATG5SXE5,NEW_TL185GCO,2026-01-18 00:00:00,E0006
62,V1334,email,OLD_YWNO4CA5,NEW_CSZJWFXW,2026-05-21 00:00:00,E0024
63,V0137,phone,OLD_HRA0WA6R,NEW_WUT8VOMT,2024-11-13 00:00:00,E0017
64,V0679,address,OLD_NZ4RQTQV,NEW_95H07SUU,2026-06-11 00:00:00,E0002
65,V0031,phone,OLD_DNX0N3YJ,NEW_VUGBV6VP,2024-11-27 00:00:00,E0001
66,V1211,address,OLD_GNGZ8QZ4,NEW_CL8ZTURB,2026-05-16 00:00:00,E0011
67,V1084,bank_account,OLD_5EES7VH8,NEW_C7L75Z0V,2025-04-24 00:00:00,E0005
68,V0800,gstin,OLD_74LQNKKV,NEW_BEY2EBV2,2025-08-04 00:00:00,E0022
69,V1150,gstin,OLD_9FX6F973,NEW_P1DJURTW,2026-07-24 00:00:00,E0025
70,V0362,bank_account,OLD_ML4338YS,NEW_IA6I3FP1,2024-06-11 00:00:00,E0017
71,V0324,phone,OLD_WU86I0D6,NEW_TKIR44PG,2026-03-17 00:00:00,E0008
72,V1330,gstin,OLD_2T3G1W75,NEW_DVQYWROO,2026-08-28 00:00:00,E0010
73,V0355,address,OLD_B9D1G1L9,NEW_SAIR8D2S,2025-03-24 00:00:00,E0010
74,V1145,address,OLD_CMZNU1U7,NEW_779RT3UN,2026-02-26 00:00:00,E0010
75,V0752,address,OLD_FYIUL07W,NEW_YYDF4Y1N,2025-07-30 00:00:00,E0010
76,V0457,gstin,OLD_GUGIQDYY,NEW_3GDU4EOH,2024-09-24 00:00:00,E0010
77,V1365,gstin,OLD_P84XBDJ6,NEW_ETV9JYLJ,2024-07-29 00:00:00,E0016
78,V0954,address,OLD_ER29AW0A,NEW_2FMNW0XM,2026-06-01 00:00:00,E0001
79,V0448,phone,OLD_MX2ZFOPR,NEW_B36O2GVN,2026-03-19 00:00:00,E0009
80,V1104,gstin,OLD_2VCDFCQ3,NEW_5PJ51DYH,2024-09-16 00:00:00,E0022
81,V1342,bank_account,OLD_ASUE4RSR,NEW_TI33IJVD,2026-05-22 00:00:00,E0013
82,V1172,phone,OLD_Z0Y2E4CL,NEW_B7QJ55WS,2025-01-08 00:00:00,E0008
83,V1442,email,OLD_BDZY1Y5S,NEW_5C3P5F3V,2024-04-25 00:00:00,E0006
84,V0846,gstin,OLD_BUN0L0T4,NEW_SFADEP6V,2025-08-17 00:00:00,E0010
85,V1335,phone,OLD_ONM0BUOF,NEW_LMH69YWJ,2025-08-05 00:00:00,E0013
86,V1039,address,OLD_LM6595RF,NEW_LJM3KA9G,2026-08-23 00:00:00,E0013
87,V0588,address,OLD_4U5R1O4P,NEW_YOZT9LQP,2024-12-03 00:00:00,E0020
88,V1034,bank_account,OLD_6EN5AVJ7,NEW_ES9N21XO,2026-05-10 00:00:00,E0018
89,V0685,gstin,OLD_PDTSWW6V,NEW_T9XGMV8A,2025-08-05 00:00:00,E0019
90,V0760,gstin,OLD_6LYMMDXU,NEW_YFNMMS6E,2026-09-30 00:00:00,E0013
91,V0738,gstin,OLD_SU1S60J0,NEW_D1BQYXGH,2025-02-06 00:00:00,E0023
92,V0326,address,OLD_K3BK0U34,NEW_H4GB3AGP,2024-07-04 00:00:00,E0018
93,V0414,gstin,OLD_N1YLPKT0,NEW_CYXH2NVS,2024-01-13 00:00:00,E0018
94,V0025,address,OLD_X3O4TZCO,NEW_9XEP58H0,2024-07-25 00:00:00,E0018
95,V0209,gstin,OLD_I0BXXOWW,NEW_RYKGZ6EV,2024-06-27 00:00:00,E0015
96,V1197,phone,OLD_A56PKNR3,NEW_7L9THN45,2025-06-09 00:00:00,E0008
97,V0712,address,OLD_KVA65I5F,NEW_GPH5GCTQ,2024-08-05 00:00:00,E0008
98,V0663,email,OLD_VEP14QKS,NEW_4TX4URJH,2026-03-15 00:00:00,E0021
99,V0227,bank_account,OLD_QV8CGPA0,NEW_KGIT050W,2025-04-23 00:00:00,E0009
100,V0707,phone,OLD_10D08UT5,NEW_SRJETLIH,2026-06-08 00:00:00,E0010
101,V0774,gstin,OLD_0ZBYD080,NEW_7KNN2XI0,2026-09-14 00:00:00,E0017
102,V1001,bank_account,OLD_38UPVZ7S,NEW_8DOSQMIC,2026-01-13 00:00:00,E0008
103,V0923,gstin,OLD_HMT1QE5O,NEW_U4H77U8X,2024-08-11 00:00:00,E0014
104,V0400,email,OLD_MM8X143R,NEW_OPBG3FKM,2025-06-19 00:00:00,E0011
105,V1255,phone,OLD_ZZRB68JF,NEW_JXESURL7,2024-06-04 00:00:00,E0006
106,V1074,bank_account,OLD_5RYJU5VU,NEW_ZANXULAC,2024-04-14 00:00:00,E0018
107,V1094,address,OLD_FWPA4RLU,NEW_CDRUFD6F,2024-02-22 00:00:00,E0022
108,V1245,bank_account,OLD_81D2PR4P,NEW_6BPB8ZF2,2026-04-20 00:00:00,E0011
109,V1104,address,OLD_6FTSXRFM,NEW_TNWSTKWQ,2026-02-07 00:00:00,E0015
110,V1443,address,OLD_VKZNUGQ7,NEW_QVR7L76B,2025-11-23 00:00:00,E0001
111,V0057,bank_account,OLD_WRX4LN4X,NEW_3R7HH0SI,2026-04-13 00:00:00,E0004
112,V0502,gstin,OLD_DTJ5BICK,NEW_T5GER163,2024-12-01 00:00:00,E0003
113,V0298,address,OLD_EISJEKYS,NEW_QJSEGQI8,2025-10-06 00:00:00,E0023
114,V1030,bank_account,OLD_6191BVW8,NEW_5KJYCM87,2026-06-24 00:00:00,E0006
115,V1168,gstin,OLD_38DG92JB,NEW_GST6XY9S,2024-11-11 00:00:00,E0022
116,V0904,address,OLD_MSM7DA11,NEW_JJ385A9G,2025-07-24 00:00:00,E0019
117,V1212,bank_account,OLD_929RFAW0,NEW_4NQVPT8W,2024-03-27 00:00:00,E0010
118,V0381,bank_account,OLD_SIM4ADCF,NEW_06YOQHQ9,2025-11-21 00:00:00,E0002
119,V0401,address,OLD_20Y0ZMJ7,NEW_NPJO0N2D,2024-03-06 00:00:00,E0003
120,V0278,address,OLD_D3GMQ9IU,NEW_QNIPNIM2,2026-05-03 00:00:00,E0002
121,V1343,address,OLD_VGSQLEIW,NEW_6KYNUELF,2025-03-07 00:00:00,E0020
122,V0417,gstin,OLD_PS7JEH2J,NEW_SNG38588,2026-09-06 00:00:00,E0011
123,V1452,bank_account,OLD_C3GY51WT,NEW_M7XL8WQM,2026-03-04 00:00:00,E0013
124,V1261,gstin,OLD_1V2CETU4,NEW_NT77I4TD,2025-03-24 00:00:00,E0018
125,V1180,phone,OLD_B79R47UR,NEW_MIQWIG8I,2024-02-07 00:00:00,E0022
126,V1174,email,OLD_BHU6DBFQ,NEW_JF2R6XZP,2024-03-15 00:00:00,E0025
127,V0118,address,OLD_AXZUIMLF,NEW_HYHBIWG7,2025-03-18 00:00:00,E0023
128,V0296,email,OLD_5FABZ3KG,NEW_WKJRT15H,2025-05-02 00:00:00,E0014
129,V0083,bank_account,OLD_F8SY1VU2,NEW_AE38LUK3,2025-03-29 00:00:00,E0014
130,V1429,phone,OLD_BQ0UTOTY,NEW_T9EKB8K4,2024-07-16 00:00:00,E0001
131,V1044,gstin,OLD_5LX6R95H,NEW_QZQQ24WD,2026-09-10 00:00:00,E0014
132,V1141,email,OLD_0D1CIU1Q,NEW_F5KO09E9,2024-06-17 00:00:00,E0022
133,V0278,address,OLD_K6XIOX1Y,NEW_WEODR5O8,2024-01-04 00:00:00,E0009
134,V0373,address,OLD_LZU3VQVT,NEW_3LD0ONNX,2026-02-21 00:00:00,E0003
135,V1046,address,OLD_PXU20VSV,NEW_BCLX0CHX,2026-05-07 00:00:00,E0021
136,V0727,bank_account,OLD_F81YBM6M,NEW_9D1VQ9YU,2025-01-22 00:00:00,E0022
137,V0071,address,OLD_4BFQ5VQ0,NEW_7VO0YHKD,2024-09-28 00:00:00,E0020
138,V1002,gstin,OLD_5PL4Y4OM,NEW_L62GXE4W,2024-01-28 00:00:00,E0012
139,V0719,email,OLD_FH2ILPBX,NEW_NMYNSD45,2024-04-21 00:00:00,E0013
140,V1321,phone,OLD_B8TEDDRJ,NEW_X3VPOMJY,2025-01-05 00:00:00,E0016
141,V0043,bank_account,OLD_CWXGTTDE,NEW_29SM9X5A,2025-01-14 00:00:00,E0021
142,V0810,bank_account,OLD_CSFUXBBJ,NEW_HC552AOL,2026-06-25 00:00:00,E0010
143,V0990,gstin,OLD_U2K1R8WJ,NEW_HC94P6TU,2026-02-07 00:00:00,E0015
144,V0991,email,OLD_W8I43679,NEW_HU27RT9X,2025-08-31 00:00:00,E0002
145,V0008,phone,OLD_YRVHM2F5,NEW_ZNGCO4C6,2026-09-27 00:00:00,E0023
146,V0611,address,OLD_KP64W93D,NEW_FC2SF742,2026-05-14 00:00:00,E0018
147,V0191,email,OLD_5BZF0ZRF,NEW_OGLTE58Z,2025-08-05 00:00:00,E0023
148,V0441,phone,OLD_DVTN4MC5,NEW_MWC7KTP6,2025-12-05 00:00:00,E0004
149,V0120,phone,OLD_6IJQADH9,NEW_FAKKHTE2,2024-04-01 00:00:00,E0011
150,V0107,phone,OLD_4VVGQB4R,NEW_0FWNH2LN,2024-07-18 00:00:00,E0016
151,V0313,gstin,OLD_OEF93T3M,NEW_8VZ5WIWR,2024-07-03 00:00:00,E0010
152,V0874,gstin,OLD_RR3G6WTI,NEW_XZTDNRMQ,2024-08-22 00:00:00,E0024
153,V1419,gstin,OLD_P06UWEHL,NEW_OOMFSQMI,2024-09-10 00:00:00,E0017
154,V1254,bank_account,OLD_UCBF8OXV,NEW_GVPP8VPD,2025-03-20 00:00:00,E0018
155,V1059,gstin,OLD_V49HEQMJ,NEW_ALMB2W17,2024-10-09 00:00:00,E0018
156,V0006,email,OLD_2TWLLJUE,NEW_0RU90S77,2024-05-26 00:00:00,E0013
157,V1356,phone,OLD_ZL5L3V77,NEW_24NY8NZ3,2026-04-20 00:00:00,E0004
158,V1230,address,OLD_XLOH4A6B,NEW_Y9A6JDP0,2024-01-10 00:00:00,E0022
159,V1267,phone,OLD_IEBYFZV1,NEW_301J8FG9,2025-09-27 00:00:00,E0002
160,V0793,address,OLD_RITIDOIM,NEW_N12A6WSN,2024-01-05 00:00:00,E0002
161,V0906,phone,OLD_VSV7UDRP,NEW_CMSQCLB5,2026-01-29 00:00:00,E0006
162,V0510,phone,OLD_E9GZHGBW,NEW_DY63LVV2,2024-02-23 00:00:00,E0012
163,V0015,phone,OLD_EJBD0FI9,NEW_J0R7WUN1,2025-07-16 00:00:00,E0003
164,V1205,phone,OLD_6F53S3LF,NEW_TUVVSBK5,2026-09-08 00:00:00,E0018
165,V0146,gstin,OLD_XC9AA8NE,NEW_UQAQ0IW9,2026-09-29 00:00:00,E0018
166,V0969,gstin,OLD_D6Q0UUKN,NEW_MXL7YFEJ,2024-11-07 00:00:00,E0005
167,V0317,gstin,OLD_6UNZF7U8,NEW_KEBXUKXM,2026-09-28 00:00:00,E0024
168,V1457,address,OLD_GVDZ95BR,NEW_FJ7KOHGQ,2025-07-21 00:00:00,E0008
169,V1443,address,OLD_2HLPXTNZ,NEW_FM8JV1US,2025-03-03 00:00:00,E0011
170,V0543,phone,OLD_41OPPA3O,NEW_JEIZA1XC,2026-06-08 00:00:00,E0025
171,V0749,phone,OLD_BM89RL7S,NEW_NXIN6Y8Q,2025-01-26 00:00:00,E0024
172,V0326,bank_account,OLD_BVDWP1I1,NEW_FGSH5CWH,2025-11-16 00:00:00,E0020
173,V1477,phone,OLD_110TVS5I,NEW_ZEDL7TJ2,2024-03-20 00:00:00,E0022
174,V1011,phone,OLD_TA5B205P,NEW_EWMRJCDC,2024-09-05 00:00:00,E0011
175,V1173,bank_account,OLD_I65H63ND,NEW_U1DL5185,2024-01-10 00:00:00,E0024
176,V0911,bank_account,OLD_I89F4DGH,NEW_TWJJG7D9,2024-09-03 00:00:00,E0009
177,V1119,address,OLD_B3LVL9OY,NEW_ONJ6EDX1,2025-09-29 00:00:00,E0004
178,V0840,email,OLD_RCY47C1G,NEW_FMGLHZWN,2024-06-26 00:00:00,E0015
179,V0475,phone,OLD_BJPFQH0Q,NEW_8HWPL0RX,2024-11-15 00:00:00,E0011
180,V1268,gstin,OLD_S6M0WEPI,NEW_3OPNHQFL,2026-04-14 00:00:00,E0018
181,V0577,address,OLD_4MW66SO2,NEW_SUACN582,2025-03-11 00:00:00,E0004
182,V1119,bank_account,OLD_8T8ZKNSY,NEW_60IWHDNQ,2024-11-27 00:00:00,E0007
183,V1429,phone,OLD_H197WTTG,NEW_NGWR0O9T,2025-11-14 00:00:00,E0021
184,V1065,gstin,OLD_AD76GDE8,NEW_DX66IJA5,2024-10-04 00:00:00,E0025
185,V1295,address,OLD_4514408L,NEW_N27241MD,2024-08-04 00:00:00,E0001
186,V1251,email,OLD_MBU27HUV,NEW_7NRVRYZN,2024-06-21 00:00:00,E0023
187,V0897,bank_account,OLD_E1YF03DC,NEW_UVAJSCWO,2026-06-10 00:00:00,E0012
188,V0296,phone,OLD_NPAGBDQN,NEW_Y0X91IQH,2024-02-29 00:00:00,E0014
189,V0217,phone,OLD_BBI0TVIB,NEW_E4LMU6H2,2026-01-29 00:00:00,E0024
190,V0261,email,OLD_EP4B6AR3,NEW_Z3YP7K0B,2024-11-29 00:00:00,E0021
191,V0906,gstin,OLD_TRJHCAKZ,NEW_ZES0L3L8,2026-01-11 00:00:00,E0025
192,V0758,gstin,OLD_9W3J1BQW,NEW_DQ6LPWLF,2025-01-17 00:00:00,E0025
193,V0537,phone,OLD_S1M0P7T5,NEW_MC17ZGKP,2026-08-26 00:00:00,E0009
194,V0979,bank_account,OLD_4CU0HVI4,NEW_3PT5P5AK,2025-01-19 00:00:00,E0018
195,V1016,address,OLD_XHI22REP,NEW_7R0U07W3,2025-11-08 00:00:00,E0009
196,V0607,phone,OLD_WR92N94F,NEW_TPHDGYBT,2025-11-03 00:00:00,E0011
197,V0498,address,OLD_AHGWOUF0,NEW_0EHPJLFY,2025-06-15 00:00:00,E0024
198,V0273,bank_account,OLD_3RV4SD1H,NEW_1P5ZE7Z1,2025-03-13 00:00:00,E0022
199,V0112,email,OLD_AFSMZZZJ,NEW_UMM9WSCB,2026-06-16 00:00:00,E0014
200,V1457,gstin,OLD_DVIUINII,NEW_5LZGSMIT,2025-10-08 00:00:00,E0007
201,V0019,address,OLD_34NBBOHW,NEW_AL1DVT9U,2026-07-19 00:00:00,E0009
202,V1217,bank_account,OLD_0RGGP0CJ,NEW_FNE1FUX3,2025-08-04 00:00:00,E0023
203,V0511,address,OLD_E63EEEHG,NEW_X1D8W3GR,2025-01-19 00:00:00,E0022
204,V0731,address,OLD_38M138F5,NEW_J2MLNKUV,2026-08-26 00:00:00,E0019
205,V1114,gstin,OLD_XSQGU5GE,NEW_B6ELMFKY,2024-03-23 00:00:00,E0014
206,V0886,bank_account,OLD_BIT6KXPX,NEW_SGG24VVA,2026-02-02 00:00:00,E0005
207,V0852,bank_account,OLD_4E64MXU8,NEW_NIHJUPEV,2024-12-20 00:00:00,E0020
208,V1406,phone,OLD_N6ZG8KPX,NEW_MXSQH9UG,2026-01-23 00:00:00,E0011
209,V0882,bank_account,OLD_EYDR1EL6,NEW_Y0NZ6ZSQ,2026-07-18 00:00:00,E0003
210,V1140,bank_account,OLD_6XBE9QZJ,NEW_WMJMB747,2025-11-15 00:00:00,E0006
211,V0130,gstin,OLD_H630LUC6,NEW_0C1WSMHP,2024-01-30 00:00:00,E0015
212,V0415,email,OLD_Z47A9ZBS,NEW_YX0G87LS,2025-06-22 00:00:00,E0010
213,V0441,bank_account,OLD_11IVWBW5,NEW_RZZ1M7PO,2024-03-01 00:00:00,E0021
214,V0168,phone,OLD_BJG57BD1,NEW_WISMJABF,2024-07-26 00:00:00,E0021
215,V0040,phone,OLD_1NZSKIZL,NEW_W00N25A6,2025-04-17 00:00:00,E0020
216,V0601,gstin,OLD_A8JVYL4Z,NEW_LS49DLDG,2025-11-03 00:00:00,E0012
217,V0849,address,OLD_AVHXQL9T,NEW_274OO1HP,2024-07-17 00:00:00,E0001
218,V1058,bank_account,OLD_BR6P35F4,NEW_TSQ6JLS6,2026-01-24 00:00:00,E0011
219,V1205,phone,OLD_PDIJ1KGC,NEW_VKD5AUB8,2024-04-20 00:00:00,E0003
220,V1304,phone,OLD_W1XHVNWY,NEW_C83ISOTU,2026-05-21 00:00:00,E0005
221,V1150,gstin,OLD_V1F6433S,NEW_E4WHCH29,2026-03-14 00:00:00,E0024
222,V0215,gstin,OLD_CB5EMYOH,NEW_ZJH8GDNT,2026-06-24 00:00:00,E0004
223,V1230,phone,OLD_WIB79BYF,NEW_QHJCWLCK,2025-06-06 00:00:00,E0003
224,V1442,phone,OLD_65MJ0B12,NEW_8NWU4JFK,2025-01-08 00:00:00,E0016
225,V0050,bank_account,OLD_1H3IJWXF,NEW_UKTN81HC,2024-11-02 00:00:00,E0006
226,V1134,phone,OLD_D82E7IF4,NEW_9VIAEQA4,2025-04-01 00:00:00,E0017
227,V0425,gstin,OLD_LTAT5D8R,NEW_K0Q1FIA7,2025-07-08 00:00:00,E0024
228,V1222,address,OLD_OFSVVSGS,NEW_1GW8PMIA,2025-09-06 00:00:00,E0013
229,V0165,gstin,OLD_AYFCTCV8,NEW_12JJ8LEW,2025-06-25 00:00:00,E0007
230,V1147,email,OLD_MHHLNHMY,NEW_UN6ANK74,2025-01-11 00:00:00,E0014
231,V0581,address,OLD_WZMSZLZA,NEW_FAHUG8OH,2025-05-21 00:00:00,E0015
232,V0032,phone,OLD_13JSYYJW,NEW_YW39RO0D,2025-05-02 00:00:00,E0013
233,V0446,phone,OLD_KCDBWK6S,NEW_WYOV0TM5,2024-09-22 00:00:00,E0004
234,V1407,gstin,OLD_ROT1BGDD,NEW_ZHXEOHDV,2024-08-13 00:00:00,E0002
235,V0973,email,OLD_C8TJTVSH,NEW_TRXSH4JC,2026-06-02 00:00:00,E0013
236,V1498,address,OLD_1D5P68U6,NEW_Y41WKZKA,2026-04-12 00:00:00,E0020
237,V0111,phone,OLD_06VHRUJ7,NEW_49F53CQ1,2024-03-30 00:00:00,E0025
238,V0722,bank_account,OLD_92MX8N2I,NEW_AD32Y05U,2026-05-24 00:00:00,E0010
239,V1286,bank_account,OLD_XLIX5BLG,NEW_U82FN4RL,2025-11-15 00:00:00,E0015
240,V0303,gstin,OLD_3O9BO3PH,NEW_J071V7W7,2025-04-12 00:00:00,E0020
241,V1324,phone,OLD_PBRXA0D8,NEW_TAKC437A,2025-06-02 00:00:00,E0011
242,V0330,address,OLD_6HLO650Q,NEW_GEOXN40P,2025-12-15 00:00:00,E0023
243,V1279,gstin,OLD_CZ521S8N,NEW_JUKFT1F1,2024-02-18 00:00:00,E0016
244,V1117,email,OLD_8WOSX7FQ,NEW_GMQQFW3S,2024-06-03 00:00:00,E0007
245,V0694,bank_account,OLD_453ZKTNU,NEW_3SWNHGNH,2024-09-02 00:00:00,E0019
246,V1367,phone,OLD_KAZ7BXXQ,NEW_MBCXBN9V,2024-02-22 00:00:00,E0007
247,V0375,gstin,OLD_WRGI8ZKK,NEW_V0DPDINT,2024-07-21 00:00:00,E0017
248,V1256,email,OLD_4YR066NT,NEW_MX5GRQB7,2025-08-06 00:00:00,E0008
249,V0446,address,OLD_HIWDK7R6,NEW_Y9W7I5SN,2024-08-04 00:00:00,E0011
250,V0402,bank_account,OLD_M490VI0A,NEW_OQX8PLPT,2024-12-14 00:00:00,E0013
251,V0916,gstin,OLD_JKLMTBXC,NEW_LQOZ36SY,2026-01-21 00:00:00,E0018
252,V0526,bank_account,OLD_CULIEACP,NEW_OXT76PS4,2026-03-20 00:00:00,E0023
253,V1298,email,OLD_NMY8U9X1,NEW_6H34WWI6,2026-01-25 00:00:00,E0006
254,V0729,email,OLD_75XMD2WF,NEW_HKIUN0Q6,2025-09-21 00:00:00,E0008
255,V1460,gstin,OLD_PKS337J5,NEW_ZE5LAJCJ,2024-07-05 00:00:00,E0003
256,V0722,gstin,OLD_1D2A8JWA,NEW_YLJCBKQS,2026-08-10 00:00:00,E0011
257,V0563,phone,OLD_KQNHVYMQ,NEW_1A3QS4GG,2025-03-20 00:00:00,E0003
258,V1341,address,OLD_0R20G15M,NEW_FL86IJT8,2025-10-07 00:00:00,E0007
259,V0691,address,OLD_US8GUE4T,NEW_QNVWAT1L,2026-03-24 00:00:00,E0012
260,V1452,bank_account,OLD_45BF81M1,NEW_Q3RL8QXN,2026-04-05 00:00:00,E0020
261,V1113,address,OLD_Q42WNUC5,NEW_ZAOMN6A1,2024-12-02 00:00:00,E0004
262,V0067,gstin,OLD_1SBR5JVO,NEW_D3N5TWV5,2025-11-03 00:00:00,E0008
263,V0990,phone,OLD_XV2DFC8K,NEW_BNKOJ1VT,2026-05-23 00:00:00,E0001
264,V0711,gstin,OLD_7D4RIBCR,NEW_CGOHJ8GL,2026-08-10 00:00:00,E0022
265,V1050,bank_account,OLD_JD16DUPW,NEW_DPEKMW2C,2025-07-28 00:00:00,E0007
266,V0513,address,OLD_SMNP574J,NEW_926SWHIB,2026-01-01 00:00:00,E0013
267,V0515,address,OLD_0C0Z24E4,NEW_HWY3OHVV,2024-01-28 00:00:00,E0019
268,V0055,gstin,OLD_ZXSKUBH0,NEW_Y8ND2YLX,2024-04-15 00:00:00,E0014
269,V1368,bank_account,OLD_PTY5X7IA,NEW_TMYSJJEF,2025-06-01 00:00:00,E0015
270,V0354,bank_account,OLD_DKDESQO6,NEW_2G7J0F8S,2024-10-29 00:00:00,E0007
271,V1057,phone,OLD_5NTXYBZ9,NEW_M7SAE5I9,2024-05-07 00:00:00,E0018
272,V0046,bank_account,OLD_QFTSGQOL,NEW_3WSP5240,2025-06-09 00:00:00,E0008
273,V0083,email,OLD_KRG76PZE,NEW_XBS913S7,2024-10-24 00:00:00,E0008
274,V0647,gstin,OLD_56AWF0TC,NEW_UKCOZUOW,2025-08-29 00:00:00,E0001
275,V0575,gstin,OLD_YQYVZULN,NEW_B4X5AIBD,2025-11-01 00:00:00,E0019
276,V0448,address,OLD_KUYXCKUS,NEW_3AAAEBVG,2026-01-16 00:00:00,E0017
277,V1055,phone,OLD_E34RAE62,NEW_4SGR33M4,2026-07-26 00:00:00,E0022
278,V1431,bank_account,OLD_WK2MMTC0,NEW_OBT5AT9H,2025-01-06 00:00:00,E0003
279,V1169,bank_account,OLD_FY9N12MH,NEW_TPV0LK1Q,2024-07-14 00:00:00,E0013
280,V0938,bank_account,OLD_2UNZVZ8A,NEW_E2JOKF38,2024-01-08 00:00:00,E0001
281,V0522,gstin,OLD_4MEANOR0,NEW_ESTCT8N2,2026-02-27 00:00:00,E0009
282,V1088,gstin,OLD_0GDGVPXR,NEW_G5J5JGBQ,2024-10-15 00:00:00,E0013
283,V0535,email,OLD_KL4BLQJ6,NEW_276YOLD3,2025-12-15 00:00:00,E0003
284,V0994,gstin,OLD_L8LF8NE2,NEW_29QDVK6F,2025-10-10 00:00:00,E0022
285,V0528,gstin,OLD_R99LSND6,NEW_TLD858A5,2024-05-16 00:00:00,E0018
286,V1237,gstin,OLD_UIH1ZRAV,NEW_OF34RNFJ,2025-05-05 00:00:00,E0025
287,V0530,email,OLD_BXPOPPO7,NEW_Q1AZKCE0,2026-03-29 00:00:00,E0003
288,V0376,address,OLD_S8W9JNK5,NEW_UXRJECO7,2026-08-21 00:00:00,E0018
289,V0470,phone,OLD_086ALYJ5,NEW_WW705G7E,2026-07-06 00:00:00,E0023
290,V1335,bank_account,OLD_RJ7QCXJ7,NEW_D2B3EZI0,2025-08-07 00:00:00,E0015
291,V0969,email,OLD_1SO4CXLC,NEW_3JGVF3YY,2024-12-13 00:00:00,E0005
292,V1241,gstin,OLD_07SQ2498,NEW_FG4N69CL,2026-03-09 00:00:00,E0019
293,V0252,gstin,OLD_RLYDARSS,NEW_11JFLTKV,2026-06-10 00:00:00,E0005
294,V0147,phone,OLD_1SUGSGVJ,NEW_MJIKPEJD,2026-05-15 00:00:00,E0004
295,V0592,gstin,OLD_7SJU0VHI,NEW_INPBM51I,2026-01-06 00:00:00,E0019
296,V1492,gstin,OLD_HT1B5AM2,NEW_C91J0THB,2026-07-23 00:00:00,E0005
297,V0686,email,OLD_3TLAS2PE,NEW_TNY282XP,2025-08-05 00:00:00,E0016
298,V0409,address,OLD_7SRDFX9Y,NEW_5EDEW1QR,2026-01-02 00:00:00,E0006
299,V0432,gstin,OLD_6NYC3GR8,NEW_7P04X7IA,2026-03-17 00:00:00,E0008
300,V0414,bank_account,OLD_1BVF589X,NEW_755MCT30,2024-09-15 00:00:00,E0004
301,V0503,email,OLD_NWCPY040,NEW_WYGCSSIB,2026-07-20 00:00:00,E0003
302,V0966,address,OLD_2R7SNKYE,NEW_Z8352C4X,2024-01-09 00:00:00,E0006
303,V0036,bank_account,OLD_8D41YI34,NEW_IF7DT9O4,2024-05-19 00:00:00,E0022
304,V1265,address,OLD_3G3QU9LU,NEW_EW0SQ7R5,2026-01-29 00:00:00,E0022
305,V1415,bank_account,OLD_V9U3U6VW,NEW_HJF66VD7,2025-10-10 00:00:00,E0021
306,V0961,phone,OLD_QE7XYW4P,NEW_UD8BE4E4,2024-07-19 00:00:00,E0016
307,V0216,address,OLD_BVEANNAL,NEW_13HSOK1A,2024-04-20 00:00:00,E0007
308,V1167,gstin,OLD_FF1F7WYA,NEW_LNGL8TVF,2024-08-29 00:00:00,E0005
309,V1156,bank_account,OLD_1KXEZPOI,NEW_OONS4KL9,2024-10-28 00:00:00,E0004
310,V1258,phone,OLD_LK1CFQMN,NEW_4VIZ0M9V,2024-05-09 00:00:00,E0021
311,V1121,phone,OLD_LW0DLL3I,NEW_6GUHNFAL,2024-10-06 00:00:00,E0024
312,V0832,phone,OLD_SMKIZ7H5,NEW_FWPZ89DE,2025-11-29 00:00:00,E0005
313,V0699,address,OLD_UI85QS6Y,NEW_9H2XOZD0,2025-09-21 00:00:00,E0016
314,V0137,gstin,OLD_8OMV9FJA,NEW_0DF2BWKW,2024-04-09 00:00:00,E0024
315,V1472,address,OLD_ZFJ4DZV2,NEW_2KFFJTCJ,2024-01-12 00:00:00,E0019
316,V0636,gstin,OLD_ZHYACGSV,NEW_5BGJLTEE,2024-09-06 00:00:00,E0018
317,V0870,phone,OLD_31MB74L3,NEW_NYDVOCRO,2026-02-28 00:00:00,E0003
318,V1295,address,OLD_IBID9SBD,NEW_09ZXL6P4,2026-04-22 00:00:00,E0015
319,V0104,gstin,OLD_87SOLHE2,NEW_A8Q0O0L4,2024-10-01 00:00:00,E0004
320,V1257,email,OLD_IX6OZ1I2,NEW_TK6P9HBS,2025-07-19 00:00:00,E0022
321,V0607,address,OLD_49YAF2UH,NEW_F4NII4BI,2024-07-02 00:00:00,E0011
322,V1215,address,OLD_G3UA59G9,NEW_FL426G6I,2026-09-28 00:00:00,E0015
323,V0187,phone,OLD_G6HF8P7Q,NEW_UR585WUJ,2024-06-18 00:00:00,E0007
324,V0287,phone,OLD_URV8TJ0N,NEW_KZ0ASOIW,2026-04-03 00:00:00,E0011
325,V0019,gstin,OLD_W3GSMLGQ,NEW_P9S2U3OB,2025-09-10 00:00:00,E0003
326,V0187,email,OLD_Q35SF24P,NEW_M8M1HCWL,2024-12-25 00:00:00,E0021
327,V0794,address,OLD_NARF3XGS,NEW_8T2SCMDO,2026-04-07 00:00:00,E0016
328,V0899,gstin,OLD_OV165HJA,NEW_EIKSGBP2,2026-02-25 00:00:00,E0003
329,V1053,gstin,OLD_XC39MFW5,NEW_Q5KCD75X,2026-03-04 00:00:00,E0024
330,V0703,phone,OLD_0ZCNS3JM,NEW_EDQ6S1J3,2025-09-29 00:00:00,E0016
331,V0957,gstin,OLD_5XBNMC4V,NEW_PRRSZ1BD,2026-08-12 00:00:00,E0025
332,V0063,address,OLD_VM0GNAYS,NEW_JF3FVNEK,2025-08-29 00:00:00,E0023
333,V0565,bank_account,OLD_NGWOEOL6,NEW_C1FF6CAT,2024-09-30 00:00:00,E0009
334,V0493,bank_account,OLD_B4D2IDC3,NEW_J0BHQHMO,2026-03-17 00:00:00,E0004
335,V1223,phone,OLD_5CFH5IQU,NEW_ITISNIC5,2024-04-18 00:00:00,E0010
336,V0315,bank_account,OLD_0RPJJESJ,NEW_TDJPGYYZ,2026-03-29 00:00:00,E0016
337,V0121,address,OLD_C3ARKVA3,NEW_WMN91UMR,2026-06-09 00:00:00,E0001
338,V0670,phone,OLD_VBHIDRA4,NEW_8KEQEFE8,2025-02-15 00:00:00,E0007
339,V0470,gstin,OLD_LJUUPWIA,NEW_T8NDPVPH,2024-07-27 00:00:00,E0025
340,V1404,bank_account,OLD_82PN30OP,NEW_B79Q60CD,2025-04-07 00:00:00,E0025
341,V1409,email,OLD_22HDZ0RA,NEW_AYQ7N1YZ,2025-08-25 00:00:00,E0025
342,V1488,address,OLD_R373XYGG,NEW_UP3134QV,2026-06-02 00:00:00,E0013
343,V0126,bank_account,OLD_MZBFO7N4,NEW_NSAC9WKF,2025-11-05 00:00:00,E0009
344,V1215,address,OLD_PRN6P7MC,NEW_YZ51BIQ3,2025-05-03 00:00:00,E0017
345,V0437,bank_account,OLD_NQINJV7G,NEW_P3V0TCKC,2026-08-16 00:00:00,E0001
346,V0338,address,OLD_VZ9G2C23,NEW_50534NGD,2025-07-29 00:00:00,E0012
347,V0444,bank_account,OLD_ID8XYO6C,NEW_LASLR4V8,2024-02-01 00:00:00,E0007
348,V0332,phone,OLD_3VJ0POJK,NEW_KCG9LK77,2026-09-14 00:00:00,E0017
349,V0955,phone,OLD_WQRDNJV2,NEW_00Q69POZ,2025-04-15 00:00:00,E0010
350,V0823,phone,OLD_R64VYX1J,NEW_9XNDQJQZ,2026-03-20 00:00:00,E0009
351,V1494,gstin,OLD_EXM07CWX,NEW_JBA0BUVM,2026-01-01 00:00:00,E0020
352,V0632,gstin,OLD_2GR8YCFU,NEW_KJFCJWXP,2024-03-02 00:00:00,E0004
353,V0297,bank_account,OLD_4LOA4NH7,NEW_Y5NT5D4J,2025-09-06 00:00:00,E0016
354,V0892,bank_account,OLD_6XB284OT,NEW_YBC6HG1A,2025-01-01 00:00:00,E0025
355,V0985,address,OLD_CUZVX9V7,NEW_BEM1L8OO,2025-11-10 00:00:00,E0003
356,V0671,gstin,OLD_DRH78MKQ,NEW_V8UDS9DN,2025-08-08 00:00:00,E0012
357,V0101,email,OLD_RYCGFTC4,NEW_5YVY620R,2026-06-25 00:00:00,E0011
358,V1007,bank_account,OLD_CZEKF820,NEW_XYEAYFRO,2025-03-14 00:00:00,E0011
359,V0491,gstin,OLD_QCKIZCZ9,NEW_SZRVHRZZ,2024-03-23 00:00:00,E0004
360,V1389,phone,OLD_P4SE5T42,NEW_PEKHYW7V,2024-12-22 00:00:00,E0009
361,V0233,phone,OLD_DDKSWZ7U,NEW_MENIA413,2026-09-12 00:00:00,E0013
362,V0446,bank_account,OLD_4472FQP6,NEW_ZSIQ10LD,2024-10-07 00:00:00,E0004
363,V1454,email,OLD_PJJ6UFWO,NEW_70WBUQ0U,2024-09-12 00:00:00,E0013
364,V0256,gstin,OLD_PXE3F0SZ,NEW_RDY3IKUT,2024-03-17 00:00:00,E0009
365,V0798,gstin,OLD_F73FIBSM,NEW_YXF7X98Y,2025-09-16 00:00:00,E0013
366,V0172,address,OLD_5JG6TKRE,NEW_W1G1ADR0,2026-04-07 00:00:00,E0019
367,V1221,bank_account,OLD_ETLYHE9A,NEW_904EPXTK,2026-09-04 00:00:00,E0011
368,V0653,gstin,OLD_Y9JL7KRZ,NEW_07QDL4U3,2024-09-08 00:00:00,E0007
369,V0295,bank_account,OLD_ONMTR149,NEW_ONO3SO0J,2024-12-27 00:00:00,E0003
370,V1089,email,OLD_Y7V24Q0K,NEW_PSGQYM1R,2024-11-10 00:00:00,E0025
371,V1358,address,OLD_MI9XDUUO,NEW_OZ7PVYA3,2025-12-29 00:00:00,E0024
372,V0393,bank_account,OLD_YPY3JPYB,NEW_056B5O6U,2024-10-20 00:00:00,E0001
373,V0362,phone,OLD_N9L5PMRA,NEW_U5D6TOPN,2025-02-05 00:00:00,E0022
374,V1226,email,OLD_T0CD775U,NEW_SS8FEXX4,2025-06-29 00:00:00,E0020
375,V0138,phone,OLD_IBB3I658,NEW_3GQVBIG5,2024-10-07 00:00:00,E0018
376,V0562,email,OLD_3E3T8MRY,NEW_V39F70HY,2024-07-25 00:00:00,E0008
377,V0877,phone,OLD_DMSQN9R3,NEW_VEB64CRX,2024-03-28 00:00:00,E0008
378,V1045,gstin,OLD_6QVJZH78,NEW_CC6RI3DY,2025-08-26 00:00:00,E0018
379,V1494,bank_account,OLD_190HO3A8,NEW_0P685HK6,2025-02-08 00:00:00,E0012
380,V0684,address,OLD_244E6G1L,NEW_WT7RMPPC,2026-04-11 00:00:00,E0015
381,V0039,email,OLD_PY92IDF5,NEW_C5AU9QZH,2024-10-09 00:00:00,E0009
382,V0637,gstin,OLD_76QR17IK,NEW_GLHVTLOS,2024-07-16 00:00:00,E0021
383,V1113,gstin,OLD_ML51O2NO,NEW_AA85HIL1,2024-02-14 00:00:00,E0001
384,V0061,bank_account,OLD_8WJJ3ZB8,NEW_IIGX5JT6,2024-06-24 00:00:00,E0021
385,V1082,address,OLD_PRNL3TZO,NEW_YTN733PN,2026-01-15 00:00:00,E0003
386,V0124,address,OLD_JQVMPNKN,NEW_1RDMI08W,2025-02-17 00:00:00,E0006
387,V0895,address,OLD_P2L7YQE9,NEW_4ZEO67A2,2026-05-10 00:00:00,E0006
388,V0980,phone,OLD_UD0RWOWK,NEW_TIF0YSMF,2026-01-27 00:00:00,E0011
389,V1453,email,OLD_DU3Y448O,NEW_KKBPWS8X,2026-04-30 00:00:00,E0016
390,V0127,phone,OLD_CK7P0DT7,NEW_9T65SCUM,2024-04-12 00:00:00,E0025
391,V0639,bank_account,OLD_VAAL7Y2G,NEW_U7VLDQRH,2025-12-25 00:00:00,E0008
392,V0419,email,OLD_ZX4198IS,NEW_TIMT6714,2025-06-05 00:00:00,E0019
393,V0482,gstin,OLD_P6MQPJUZ,NEW_DIKG7RD5,2024-04-07 00:00:00,E0003
394,V0626,email,OLD_0NDV3QOM,NEW_ZFOPDJJI,2025-06-04 00:00:00,E0006
395,V0661,address,OLD_A1UWPAUS,NEW_ZSSHGKX2,2026-09-24 00:00:00,E0005
396,V0139,phone,OLD_XWF6H38S,NEW_QR03H8LA,2024-12-22 00:00:00,E0005
397,V0977,address,OLD_IUM69X95,NEW_P48I85QD,2025-05-30 00:00:00,E0008
398,V1026,gstin,OLD_5OI4TOKY,NEW_I2BKVN1B,2024-05-15 00:00:00,E0017
399,V1349,bank_account,OLD_UXQJBTKZ,NEW_1AW72L8N,2026-01-06 00:00:00,E0013
400,V0158,bank_account,OLD_6BAUF7US,NEW_HFHA429S,2024-02-20 00:00:00,E0015
401,V1148,bank_account,OLD_V0NOVGUX,NEW_GPMM7HX0,2024-11-25 00:00:00,E0006
402,V0977,gstin,OLD_0WR50K3T,NEW_W43ID1M2,2024-04-26 00:00:00,E0025
403,V1421,address,OLD_ULUTVT4B,NEW_I8U0J0S4,2025-09-21 00:00:00,E0015
404,V1363,address,OLD_E301SNU5,NEW_S3K4602V,2026-01-29 00:00:00,E0005
405,V0022,email,OLD_BS5T49BX,NEW_8UTT7CCB,2026-05-16 00:00:00,E0019
406,V1002,phone,OLD_Y9RRIH16,NEW_3D5VOVK1,2026-03-10 00:00:00,E0012
407,V1438,email,OLD_4H67KTER,NEW_FRQ0DDL4,2026-06-17 00:00:00,E0006
408,V0510,bank_account,OLD_N20AR13I,NEW_JIKOXSKO,2026-08-03 00:00:00,E0013
409,V0339,address,OLD_O6FYQ8L8,NEW_BJXR6V55,2026-02-22 00:00:00,E0002
410,V0115,gstin,OLD_TKSUU5UT,NEW_XRH2XP3G,2025-07-27 00:00:00,E0005
411,V0234,email,OLD_CCHCAF0C,NEW_ORUH2IJW,2026-04-19 00:00:00,E0017
412,V1304,gstin,OLD_N5NVLBIC,NEW_SAWGWMVR,2025-10-04 00:00:00,E0006
413,V0235,address,OLD_W9XYUDQL,NEW_Y2C8LKEJ,2024-08-05 00:00:00,E0007
414,V1383,gstin,OLD_5POUIZ1V,NEW_2YLA61T9,2024-07-23 00:00:00,E0016
415,V0219,phone,OLD_JHWDFXPR,NEW_FMP451B6,2025-07-07 00:00:00,E0008
416,V0610,phone,OLD_OVFMQICD,NEW_Q113F8GC,2024-02-09 00:00:00,E0024
417,V1394,gstin,OLD_JRD7HJ2P,NEW_8VLSLR5D,2025-07-25 00:00:00,E0014
418,V1022,gstin,OLD_4QBRGW0H,NEW_G2HEKFIZ,2024-11-24 00:00:00,E0003
419,V0613,address,OLD_IKSOEHP1,NEW_8NT99RA2,2025-02-22 00:00:00,E0023
420,V1364,address,OLD_0C0PS8B5,NEW_3CZJY2JT,2026-08-31 00:00:00,E0002
421,V1216,gstin,OLD_TNZYIK4K,NEW_8GNACUL3,2025-01-06 00:00:00,E0018
422,V0821,address,OLD_P8TF3IPB,NEW_A5MJ9N13,2024-11-23 00:00:00,E0016
423,V0314,address,OLD_PLTGSDBL,NEW_5PMPTGNB,2025-02-23 00:00:00,E0006
424,V0649,phone,OLD_6IXRXE3G,NEW_V7AYR18X,2026-09-05 00:00:00,E0024
425,V0648,gstin,OLD_6ST343BZ,NEW_BWF5N2JJ,2025-02-26 00:00:00,E0006
426,V0175,address,OLD_GM4DUOLR,NEW_CJ16CJ1W,2024-04-28 00:00:00,E0006
427,V0022,phone,OLD_165E6G1S,NEW_HI7QUDJS,2026-06-30 00:00:00,E0021
428,V1231,phone,OLD_K18O84NC,NEW_75FZO84E,2024-11-14 00:00:00,E0010
429,V1044,phone,OLD_BJFIKNZY,NEW_6ZM7XKR3,2024-06-25 00:00:00,E0009
430,V0437,bank_account,OLD_FS6WXQI3,NEW_V4O8WIO2,2026-07-03 00:00:00,E0005
431,V1413,phone,OLD_VQLKJNQ2,NEW_RICN9RIC,2026-01-28 00:00:00,E0008
432,V0106,bank_account,OLD_5RP8QCIW,NEW_VJ9ZCPIM,2025-04-26 00:00:00,E0005
433,V0426,email,OLD_Y5RV1API,NEW_FF7X0GAA,2025-06-25 00:00:00,E0004
434,V0874,phone,OLD_ATUC1LYI,NEW_ZN6TNHXE,2024-09-22 00:00:00,E0006
435,V0158,gstin,OLD_2R9P3H0N,NEW_LW7VD8UQ,2026-09-06 00:00:00,E0014
436,V0653,address,OLD_LYW4KNWH,NEW_BMPFL7ON,2024-02-22 00:00:00,E0021
437,V0570,email,OLD_EBMQOCAA,NEW_OAVNRDTK,2026-03-09 00:00:00,E0009
438,V0293,address,OLD_THN9F5AM,NEW_0KHCUMTV,2024-08-04 00:00:00,E0016
439,V1105,phone,OLD_GLZO0BL7,NEW_GXW3U45L,2026-09-16 00:00:00,E0001
440,V0080,phone,OLD_EJR8VTRW,NEW_QK16WM6D,2025-12-12 00:00:00,E0007
441,V1352,gstin,OLD_N6Q741NG,NEW_KX6AWB09,2025-12-02 00:00:00,E0021
442,V0516,gstin,OLD_BDSQ9P48,NEW_2QCAM8QH,2025-06-26 00:00:00,E0016
443,V0187,address,OLD_3L89VHZH,NEW_7CMNFD0Q,2024-06-21 00:00:00,E0022
444,V1309,address,OLD_WL7AU73F,NEW_P5NXE7X6,2026-07-19 00:00:00,E0018
445,V1032,phone,OLD_J81GT2MV,NEW_SCGH011X,2026-09-15 00:00:00,E0025
446,V0344,email,OLD_0NW2XJC3,NEW_PEK21134,2026-08-21 00:00:00,E0006
447,V1033,bank_account,OLD_UMCJ6JXG,NEW_VITEYCPW,2024-09-05 00:00:00,E0017
448,V1291,gstin,OLD_E23WH6PR,NEW_AXKSBRS2,2025-04-11 00:00:00,E0016
449,V0828,bank_account,OLD_ZX6C7EWP,NEW_642IWPVY,2025-06-10 00:00:00,E0011
450,V0175,phone,OLD_TFSOVZEF,NEW_A4RNRWGD,2024-04-25 00:00:00,E0016
451,V1127,phone,OLD_TI1QWDZ3,NEW_AWPG8GKX,2024-04-03 00:00:00,E0022
452,V0654,address,OLD_TAQ2Y3FP,NEW_ZPVVKUPJ,2026-09-08 00:00:00,E0007
453,V0379,email,OLD_4JDF00BJ,NEW_U3DFDIZV,2024-12-05 00:00:00,E0014
454,V0398,bank_account,OLD_PPRCIL8X,NEW_VU19MK4V,2024-06-03 00:00:00,E0005
455,V1163,email,OLD_AU67P574,NEW_OCXQ1BRJ,2025-08-23 00:00:00,E0010
456,V1398,phone,OLD_443HBEU4,NEW_POKIL8XB,2024-04-26 00:00:00,E0025
457,V1288,gstin,OLD_1UAMBS7O,NEW_AV0PBW2H,2025-11-25 00:00:00,E0006
458,V1434,gstin,OLD_2A2G7LEE,NEW_IX3PM7HL,2024-10-25 00:00:00,E0002
459,V0498,bank_account,OLD_JG9NK4MI,NEW_0UI02KLO,2025-07-18 00:00:00,E0019
460,V0082,bank_account,OLD_TPBHT3AX,NEW_5672CA2E,2026-04-18 00:00:00,E0005
461,V1476,phone,OLD_88DZLLDN,NEW_ZEFSQQAU,2025-10-14 00:00:00,E0019
462,V0080,bank_account,OLD_3VXPM9SM,NEW_X38FLSZ8,2026-02-03 00:00:00,E0023
463,V0854,bank_account,OLD_717BW2QJ,NEW_N2V6F64E,2026-05-29 00:00:00,E0014
464,V0674,address,OLD_YDJJBLP2,NEW_J45Q3FWK,2026-01-11 00:00:00,E0013
465,V0332,gstin,OLD_QA28OQ0M,NEW_S3CTDG7V,2026-04-20 00:00:00,E0005
466,V0382,email,OLD_KMYE8LSD,NEW_017TXRK3,2025-02-24 00:00:00,E0013
467,V1459,phone,OLD_CAIMFWD6,NEW_AOQEAWVT,2025-02-17 00:00:00,E0008
468,V0025,phone,OLD_WF8DYBMX,NEW_93MVNIRF,2024-03-23 00:00:00,E0023
469,V0427,email,OLD_P1UQKTZS,NEW_RENH5B4G,2025-07-30 00:00:00,E0018
470,V1186,phone,OLD_XPVPOAUI,NEW_R8BDHTCR,2025-11-18 00:00:00,E0025
471,V0312,phone,OLD_AZ55G6DC,NEW_AG4KF3Z1,2026-07-19 00:00:00,E0003
472,V0763,bank_account,OLD_17X8KZCZ,NEW_22FADG2J,2025-03-15 00:00:00,E0023
473,V1308,phone,OLD_WXNJZHGB,NEW_SGLSR4X6,2025-11-20 00:00:00,E0013
474,V0125,email,OLD_GBP7DF4Y,NEW_YKGLPCM4,2024-07-06 00:00:00,E0011
475,V0464,phone,OLD_5TKUQ5IA,NEW_QH4HRQ2K,2024-06-03 00:00:00,E0007
476,V0396,phone,OLD_3MLCELF6,NEW_LWWOCXA2,2025-10-02 00:00:00,E0012
477,V0244,address,OLD_INPZEM3U,NEW_2AGD6ZNZ,2026-01-30 00:00:00,E0002
478,V1250,phone,OLD_GR588SQY,NEW_LKZC99NS,2024-11-20 00:00:00,E0013
479,V1011,bank_account,OLD_K27EWNBP,NEW_9FCOG7GV,2025-01-04 00:00:00,E0012
480,V0556,gstin,OLD_CBP3U2CF,NEW_0JH0N26D,2025-04-27 00:00:00,E0007
481,V0976,address,OLD_WB3NOBLW,NEW_D83ZA207,2026-08-26 00:00:00,E0010
482,V1104,email,OLD_PF08B7TI,NEW_NEWKZUMC,2024-10-08 00:00:00,E0021
483,V0141,email,OLD_NSZ2FMDF,NEW_HECIAC73,2025-01-29 00:00:00,E0003
484,V1409,phone,OLD_W3CCNUR9,NEW_7Z8ERU66,2024-03-21 00:00:00,E0005
485,V0556,address,OLD_N0Z5B7EX,NEW_SDWC4KQR,2025-10-04 00:00:00,E0021
486,V0192,email,OLD_6TTZ5QKJ,NEW_217RPPGM,2025-08-29 00:00:00,E0015
487,V0248,phone,OLD_VOUCVXHT,NEW_SJYXNNOT,2025-06-12 00:00:00,E0016
488,V0779,gstin,OLD_Q6EYSIQK,NEW_9K235PKA,2025-05-29 00:00:00,E0006
489,V1171,address,OLD_OPH3Q35L,NEW_TQGKNFZK,2024-05-08 00:00:00,E0002
490,V1100,bank_account,OLD_1GH73GAJ,NEW_7AMC0JT8,2024-07-12 00:00:00,E0025
491,V0675,phone,OLD_VHXB1FBY,NEW_GH999CNF,2024-08-15 00:00:00,E0010
492,V1179,gstin,OLD_1S7YKCCU,NEW_M7I5O3SZ,2024-04-04 00:00:00,E0008
493,V0036,gstin,OLD_B8B84DVR,NEW_MVE2BDRC,2024-03-24 00:00:00,E0012
494,V0239,bank_account,OLD_A870FILK,NEW_4OSQNL9Y,2026-06-16 00:00:00,E0021
495,V0796,email,OLD_JAJKGJRP,NEW_KE6EF929,2026-02-08 00:00:00,E0009
496,V0141,email,OLD_F5ITYPHT,NEW_KVCLNDEU,2026-08-20 00:00:00,E0005
497,V1032,email,OLD_0Y60KB3O,NEW_3NKF4ON4,2024-08-10 00:00:00,E0010
498,V0217,bank_account,OLD_TWBG51KC,NEW_VYJIQFAD,2026-01-29 00:00:00,E0015
499,V1146,bank_account,OLD_30SMXE1Q,NEW_QC9JZY29,2025-09-09 00:00:00,E0001
500,V1062,email,OLD_S6W0SBJ6,NEW_M8ISBVCC,2025-08-21 00:00:00,E0019
